product_id,category,product_names,descriptions
1,Home Appliances,Blender,High-quality construction with attention to detail.
2,Home Appliances,Coffee Maker,Sleek design combined with exceptional functionality.
3,Accessories,Watch,Sleek design combined with exceptional functionality.
4,Electronics,Smartwatch,Crafted with quality materials for long-lasting use.
5,Electronics,Smartphone,"Perfect blend of style, comfort, and practicality."
6,Electronics,Earbuds,"Versatile and durable, designed to meet your everyday needs."
7,Electronics,Laptop,Crafted with quality materials for long-lasting use.
8,Accessories,Hat,High-quality construction with attention to detail.
9,Electronics,Earbuds,High-quality construction with attention to detail.
10,Footwear,Sneakers,High-quality construction with attention to detail.
11,Electronics,Earbuds,"Perfect blend of style, comfort, and practicality."
12,Footwear,Running Shoes,Sleek design combined with exceptional functionality.
13,Footwear,Sneakers,Sleek design combined with exceptional functionality.
14,Electronics,Laptop,"Perfect blend of style, comfort, and practicality."
15,Home Appliances,Coffee Maker,Sleek design combined with exceptional functionality.
16,Footwear,Sneakers,Sleek design combined with exceptional functionality.
17,Footwear,Sandals,"Versatile and durable, designed to meet your everyday needs."
18,Accessories,Watch,High-quality construction with attention to detail.
19,Electronics,Earbuds,High-quality construction with attention to detail.
20,Footwear,Running Shoes,"Versatile and durable, designed to meet your everyday needs."
21,Accessories,Hat,"Versatile and durable, designed to meet your everyday needs."
22,Home Appliances,Blender,"Perfect blend of style, comfort, and practicality."
23,Clothing,Jacket,Crafted with quality materials for long-lasting use.
24,Home Appliances,Coffee Maker,High-quality construction with attention to detail.
25,Electronics,Smartphone,"Versatile and durable, designed to meet your everyday needs."
26,Accessories,Belt,Crafted with quality materials for long-lasting use.
27,Electronics,Laptop,"Perfect blend of style, comfort, and practicality."
28,Clothing,Dress,"Perfect blend of style, comfort, and practicality."
29,Clothing,Jeans,High-quality construction with attention to detail.
30,Electronics,Smartphone,Crafted with quality materials for long-lasting use.
31,Home Appliances,Refrigerator,Crafted with quality materials for long-lasting use.
32,Footwear,Boots,High-quality construction with attention to detail.
33,Footwear,Boots,Sleek design combined with exceptional functionality.
34,Electronics,Smartphone,"Versatile and durable, designed to meet your everyday needs."
35,Home Appliances,Blender,"Perfect blend of style, comfort, and practicality."
36,Clothing,T-Shirt,"Versatile and durable, designed to meet your everyday needs."
37,Electronics,Smartwatch,High-quality construction with attention to detail.
38,Home Appliances,Microwave,Sleek design combined with exceptional functionality.
39,Accessories,Scarf,Crafted with quality materials for long-lasting use.
40,Accessories,Watch,Crafted with quality materials for long-lasting use.
41,Home Appliances,Blender,Crafted with quality materials for long-lasting use.
42,Home Appliances,Coffee Maker,"Versatile and durable, designed to meet your everyday needs."
43,Footwear,Running Shoes,"Perfect blend of style, comfort, and practicality."
44,Footwear,Running Shoes,Crafted with quality materials for long-lasting use.
45,Footwear,Boots,"Perfect blend of style, comfort, and practicality."
46,Accessories,Belt,Sleek design combined with exceptional functionality.
47,Footwear,Boots,Crafted with quality materials for long-lasting use.
48,Clothing,Dress,"Perfect blend of style, comfort, and practicality."
49,Clothing,T-Shirt,Crafted with quality materials for long-lasting use.
50,Accessories,Belt,High-quality construction with attention to detail.
51,Home Appliances,Refrigerator,High-quality construction with attention to detail.
52,Accessories,Watch,Crafted with quality materials for long-lasting use.
53,Accessories,Belt,High-quality construction with attention to detail.
54,Home Appliances,Microwave,High-quality construction with attention to detail.
55,Electronics,Smartphone,Sleek design combined with exceptional functionality.
56,Footwear,Running Shoes,"Perfect blend of style, comfort, and practicality."
57,Electronics,Earbuds,Sleek design combined with exceptional functionality.
58,Footwear,Running Shoes,Sleek design combined with exceptional functionality.
59,Clothing,T-Shirt,"Perfect blend of style, comfort, and practicality."
60,Clothing,Jacket,"Perfect blend of style, comfort, and practicality."
61,Accessories,Belt,"Perfect blend of style, comfort, and practicality."
62,Footwear,Sneakers,Crafted with quality materials for long-lasting use.
63,Home Appliances,Refrigerator,"Versatile and durable, designed to meet your everyday needs."
64,Clothing,Dress,Sleek design combined with exceptional functionality.
65,Electronics,Laptop,Sleek design combined with exceptional functionality.
66,Footwear,Boots,Crafted with quality materials for long-lasting use.
67,Clothing,Jeans,"Perfect blend of style, comfort, and practicality."
68,Footwear,Sandals,Crafted with quality materials for long-lasting use.
69,Accessories,Belt,High-quality construction with attention to detail.
70,Electronics,Smartwatch,Crafted with quality materials for long-lasting use.
71,Footwear,Sandals,"Perfect blend of style, comfort, and practicality."
72,Footwear,Boots,"Versatile and durable, designed to meet your everyday needs."
73,Footwear,Running Shoes,"Versatile and durable, designed to meet your everyday needs."
74,Electronics,Smartphone,"Versatile and durable, designed to meet your everyday needs."
75,Accessories,Hat,"Perfect blend of style, comfort, and practicality."
76,Clothing,Dress,High-quality construction with attention to detail.
77,Clothing,T-Shirt,"Perfect blend of style, comfort, and practicality."
78,Footwear,Running Shoes,Crafted with quality materials for long-lasting use.
79,Home Appliances,Microwave,Sleek design combined with exceptional functionality.
80,Electronics,Earbuds,"Versatile and durable, designed to meet your everyday needs."
81,Home Appliances,Refrigerator,Crafted with quality materials for long-lasting use.
82,Accessories,Watch,Crafted with quality materials for long-lasting use.
83,Footwear,Boots,"Versatile and durable, designed to meet your everyday needs."
84,Footwear,Boots,High-quality construction with attention to detail.
85,Accessories,Hat,Sleek design combined with exceptional functionality.
86,Accessories,Belt,High-quality construction with attention to detail.
87,Accessories,Hat,"Versatile and durable, designed to meet your everyday needs."
88,Electronics,Laptop,"Versatile and durable, designed to meet your everyday needs."
89,Accessories,Watch,High-quality construction with attention to detail.
90,Clothing,Jeans,High-quality construction with attention to detail.
91,Footwear,Running Shoes,Crafted with quality materials for long-lasting use.
92,Clothing,Jeans,"Versatile and durable, designed to meet your everyday needs."
93,Accessories,Belt,Crafted with quality materials for long-lasting use.
94,Footwear,Sneakers,High-quality construction with attention to detail.
95,Accessories,Hat,"Versatile and durable, designed to meet your everyday needs."
96,Electronics,Smartphone,Sleek design combined with exceptional functionality.
97,Electronics,Laptop,High-quality construction with attention to detail.
98,Clothing,Jeans,"Versatile and durable, designed to meet your everyday needs."
99,Clothing,Jacket,"Versatile and durable, designed to meet your everyday needs."
100,Footwear,Sneakers,Crafted with quality materials for long-lasting use.
101,Clothing,Jacket,Crafted with quality materials for long-lasting use.
102,Electronics,Earbuds,"Versatile and durable, designed to meet your everyday needs."
103,Clothing,T-Shirt,Sleek design combined with exceptional functionality.
104,Home Appliances,Coffee Maker,High-quality construction with attention to detail.
105,Footwear,Boots,"Versatile and durable, designed to meet your everyday needs."
106,Electronics,Laptop,"Perfect blend of style, comfort, and practicality."
107,Accessories,Scarf,Sleek design combined with exceptional functionality.
108,Clothing,Dress,Sleek design combined with exceptional functionality.
109,Footwear,Running Shoes,Crafted with quality materials for long-lasting use.
110,Clothing,Jeans,"Perfect blend of style, comfort, and practicality."
111,Accessories,Belt,Crafted with quality materials for long-lasting use.
112,Electronics,Laptop,"Perfect blend of style, comfort, and practicality."
113,Footwear,Boots,"Perfect blend of style, comfort, and practicality."
114,Clothing,Dress,High-quality construction with attention to detail.
115,Electronics,Earbuds,Crafted with quality materials for long-lasting use.
116,Footwear,Running Shoes,"Versatile and durable, designed to meet your everyday needs."
117,Clothing,Dress,Crafted with quality materials for long-lasting use.
118,Clothing,Jacket,Crafted with quality materials for long-lasting use.
119,Electronics,Earbuds,"Perfect blend of style, comfort, and practicality."
120,Accessories,Hat,Crafted with quality materials for long-lasting use.
121,Home Appliances,Microwave,Sleek design combined with exceptional functionality.
122,Accessories,Hat,High-quality construction with attention to detail.
123,Accessories,Hat,"Perfect blend of style, comfort, and practicality."
124,Electronics,Laptop,Crafted with quality materials for long-lasting use.
125,Home Appliances,Blender,High-quality construction with attention to detail.
126,Home Appliances,Microwave,Crafted with quality materials for long-lasting use.
127,Accessories,Watch,Sleek design combined with exceptional functionality.
128,Home Appliances,Blender,"Versatile and durable, designed to meet your everyday needs."
129,Footwear,Sandals,"Versatile and durable, designed to meet your everyday needs."
130,Accessories,Scarf,Sleek design combined with exceptional functionality.
131,Footwear,Running Shoes,"Perfect blend of style, comfort, and practicality."
132,Electronics,Laptop,High-quality construction with attention to detail.
133,Electronics,Earbuds,Crafted with quality materials for long-lasting use.
134,Accessories,Watch,Sleek design combined with exceptional functionality.
135,Clothing,Jacket,"Versatile and durable, designed to meet your everyday needs."
136,Clothing,Dress,Sleek design combined with exceptional functionality.
137,Clothing,T-Shirt,"Perfect blend of style, comfort, and practicality."
138,Electronics,Smartphone,Crafted with quality materials for long-lasting use.
139,Clothing,Jeans,"Perfect blend of style, comfort, and practicality."
140,Footwear,Sneakers,"Perfect blend of style, comfort, and practicality."
141,Clothing,Dress,Crafted with quality materials for long-lasting use.
142,Electronics,Smartwatch,High-quality construction with attention to detail.
143,Electronics,Laptop,Sleek design combined with exceptional functionality.
144,Footwear,Boots,Crafted with quality materials for long-lasting use.
145,Accessories,Hat,Sleek design combined with exceptional functionality.
146,Home Appliances,Microwave,Sleek design combined with exceptional functionality.
147,Accessories,Hat,"Versatile and durable, designed to meet your everyday needs."
148,Home Appliances,Blender,High-quality construction with attention to detail.
149,Home Appliances,Coffee Maker,"Perfect blend of style, comfort, and practicality."
150,Home Appliances,Microwave,"Versatile and durable, designed to meet your everyday needs."
151,Accessories,Watch,High-quality construction with attention to detail.
152,Footwear,Sandals,"Versatile and durable, designed to meet your everyday needs."
153,Electronics,Earbuds,Sleek design combined with exceptional functionality.
154,Electronics,Smartphone,"Versatile and durable, designed to meet your everyday needs."
155,Clothing,Dress,"Versatile and durable, designed to meet your everyday needs."
156,Accessories,Scarf,High-quality construction with attention to detail.
157,Electronics,Smartphone,"Perfect blend of style, comfort, and practicality."
158,Footwear,Sneakers,High-quality construction with attention to detail.
159,Home Appliances,Microwave,"Perfect blend of style, comfort, and practicality."
160,Clothing,Dress,"Perfect blend of style, comfort, and practicality."
161,Footwear,Running Shoes,"Perfect blend of style, comfort, and practicality."
162,Accessories,Belt,Crafted with quality materials for long-lasting use.
163,Electronics,Earbuds,"Perfect blend of style, comfort, and practicality."
164,Footwear,Boots,High-quality construction with attention to detail.
165,Accessories,Hat,"Versatile and durable, designed to meet your everyday needs."
166,Home Appliances,Microwave,Sleek design combined with exceptional functionality.
167,Accessories,Hat,High-quality construction with attention to detail.
168,Electronics,Earbuds,"Versatile and durable, designed to meet your everyday needs."
169,Accessories,Belt,"Versatile and durable, designed to meet your everyday needs."
170,Home Appliances,Refrigerator,Sleek design combined with exceptional functionality.
171,Clothing,Jacket,Crafted with quality materials for long-lasting use.
172,Accessories,Belt,High-quality construction with attention to detail.
173,Footwear,Sneakers,Crafted with quality materials for long-lasting use.
174,Footwear,Boots,Sleek design combined with exceptional functionality.
175,Electronics,Laptop,High-quality construction with attention to detail.
176,Accessories,Scarf,High-quality construction with attention to detail.
177,Electronics,Smartwatch,"Versatile and durable, designed to meet your everyday needs."
178,Clothing,Jeans,High-quality construction with attention to detail.
179,Footwear,Boots,"Versatile and durable, designed to meet your everyday needs."
180,Electronics,Smartphone,"Versatile and durable, designed to meet your everyday needs."
181,Electronics,Smartwatch,"Perfect blend of style, comfort, and practicality."
182,Clothing,T-Shirt,"Versatile and durable, designed to meet your everyday needs."
183,Footwear,Sandals,Crafted with quality materials for long-lasting use.
184,Clothing,Jacket,"Perfect blend of style, comfort, and practicality."
185,Footwear,Running Shoes,High-quality construction with attention to detail.
186,Electronics,Smartwatch,Sleek design combined with exceptional functionality.
187,Footwear,Boots,"Perfect blend of style, comfort, and practicality."
188,Footwear,Sneakers,"Versatile and durable, designed to meet your everyday needs."
189,Clothing,Jacket,Crafted with quality materials for long-lasting use.
190,Electronics,Laptop,High-quality construction with attention to detail.
191,Electronics,Smartwatch,"Versatile and durable, designed to meet your everyday needs."
192,Clothing,T-Shirt,Sleek design combined with exceptional functionality.
193,Accessories,Hat,Crafted with quality materials for long-lasting use.
194,Clothing,Jacket,"Perfect blend of style, comfort, and practicality."
195,Clothing,Jacket,Sleek design combined with exceptional functionality.
196,Home Appliances,Microwave,High-quality construction with attention to detail.
197,Accessories,Belt,"Perfect blend of style, comfort, and practicality."
198,Electronics,Smartwatch,"Versatile and durable, designed to meet your everyday needs."
199,Home Appliances,Refrigerator,"Versatile and durable, designed to meet your everyday needs."
200,Accessories,Scarf,High-quality construction with attention to detail.
201,Home Appliances,Blender,"Perfect blend of style, comfort, and practicality."
202,Electronics,Earbuds,Sleek design combined with exceptional functionality.
203,Accessories,Belt,Crafted with quality materials for long-lasting use.
204,Accessories,Hat,Sleek design combined with exceptional functionality.
205,Electronics,Laptop,"Versatile and durable, designed to meet your everyday needs."
206,Accessories,Watch,High-quality construction with attention to detail.
207,Clothing,Jeans,Crafted with quality materials for long-lasting use.
208,Accessories,Belt,"Versatile and durable, designed to meet your everyday needs."
209,Footwear,Sandals,Crafted with quality materials for long-lasting use.
210,Clothing,T-Shirt,Sleek design combined with exceptional functionality.
211,Home Appliances,Microwave,"Versatile and durable, designed to meet your everyday needs."
212,Home Appliances,Microwave,High-quality construction with attention to detail.
213,Electronics,Laptop,High-quality construction with attention to detail.
214,Footwear,Sneakers,Crafted with quality materials for long-lasting use.
215,Footwear,Boots,High-quality construction with attention to detail.
216,Electronics,Smartwatch,Sleek design combined with exceptional functionality.
217,Clothing,Dress,"Versatile and durable, designed to meet your everyday needs."
218,Accessories,Watch,High-quality construction with attention to detail.
219,Footwear,Running Shoes,High-quality construction with attention to detail.
220,Electronics,Earbuds,Sleek design combined with exceptional functionality.
221,Home Appliances,Refrigerator,"Versatile and durable, designed to meet your everyday needs."
222,Footwear,Sandals,"Perfect blend of style, comfort, and practicality."
223,Electronics,Earbuds,Crafted with quality materials for long-lasting use.
224,Clothing,Jacket,Sleek design combined with exceptional functionality.
225,Clothing,Jeans,"Perfect blend of style, comfort, and practicality."
226,Footwear,Running Shoes,High-quality construction with attention to detail.
227,Clothing,Dress,Sleek design combined with exceptional functionality.
228,Accessories,Watch,High-quality construction with attention to detail.
229,Electronics,Earbuds,Crafted with quality materials for long-lasting use.
230,Home Appliances,Refrigerator,Crafted with quality materials for long-lasting use.
231,Home Appliances,Blender,"Versatile and durable, designed to meet your everyday needs."
232,Footwear,Sneakers,High-quality construction with attention to detail.
233,Electronics,Smartphone,Crafted with quality materials for long-lasting use.
234,Accessories,Scarf,Sleek design combined with exceptional functionality.
235,Clothing,Jeans,Sleek design combined with exceptional functionality.
236,Accessories,Watch,"Versatile and durable, designed to meet your everyday needs."
237,Electronics,Laptop,"Perfect blend of style, comfort, and practicality."
238,Footwear,Boots,Sleek design combined with exceptional functionality.
239,Footwear,Boots,"Perfect blend of style, comfort, and practicality."
240,Accessories,Hat,Sleek design combined with exceptional functionality.
241,Footwear,Boots,"Perfect blend of style, comfort, and practicality."
242,Electronics,Earbuds,High-quality construction with attention to detail.
243,Home Appliances,Blender,"Versatile and durable, designed to meet your everyday needs."
244,Electronics,Smartwatch,High-quality construction with attention to detail.
245,Clothing,Dress,Sleek design combined with exceptional functionality.
246,Footwear,Sneakers,Sleek design combined with exceptional functionality.
247,Clothing,T-Shirt,Sleek design combined with exceptional functionality.
248,Home Appliances,Blender,"Versatile and durable, designed to meet your everyday needs."
249,Home Appliances,Refrigerator,"Perfect blend of style, comfort, and practicality."
250,Home Appliances,Refrigerator,Sleek design combined with exceptional functionality.
251,Clothing,Jacket,"Versatile and durable, designed to meet your everyday needs."
252,Electronics,Smartphone,Crafted with quality materials for long-lasting use.
253,Accessories,Belt,High-quality construction with attention to detail.
254,Footwear,Sandals,"Versatile and durable, designed to meet your everyday needs."
255,Home Appliances,Refrigerator,Sleek design combined with exceptional functionality.
256,Footwear,Boots,High-quality construction with attention to detail.
257,Home Appliances,Refrigerator,High-quality construction with attention to detail.
258,Electronics,Laptop,"Versatile and durable, designed to meet your everyday needs."
259,Clothing,Dress,"Versatile and durable, designed to meet your everyday needs."
260,Electronics,Earbuds,Sleek design combined with exceptional functionality.
261,Clothing,Jeans,Sleek design combined with exceptional functionality.
262,Footwear,Sandals,High-quality construction with attention to detail.
263,Electronics,Smartphone,Crafted with quality materials for long-lasting use.
264,Footwear,Sandals,"Versatile and durable, designed to meet your everyday needs."
265,Home Appliances,Coffee Maker,High-quality construction with attention to detail.
266,Footwear,Boots,Crafted with quality materials for long-lasting use.
267,Footwear,Boots,High-quality construction with attention to detail.
268,Electronics,Earbuds,Crafted with quality materials for long-lasting use.
269,Clothing,Jacket,"Versatile and durable, designed to meet your everyday needs."
270,Accessories,Belt,"Versatile and durable, designed to meet your everyday needs."
271,Accessories,Watch,Crafted with quality materials for long-lasting use.
272,Clothing,Jeans,"Perfect blend of style, comfort, and practicality."
273,Accessories,Belt,Sleek design combined with exceptional functionality.
274,Clothing,Dress,High-quality construction with attention to detail.
275,Footwear,Boots,"Perfect blend of style, comfort, and practicality."
276,Home Appliances,Microwave,"Perfect blend of style, comfort, and practicality."
277,Clothing,T-Shirt,"Perfect blend of style, comfort, and practicality."
278,Footwear,Sandals,Sleek design combined with exceptional functionality.
279,Accessories,Belt,Crafted with quality materials for long-lasting use.
280,Home Appliances,Blender,High-quality construction with attention to detail.
281,Accessories,Belt,Crafted with quality materials for long-lasting use.
282,Electronics,Laptop,"Perfect blend of style, comfort, and practicality."
283,Electronics,Smartphone,High-quality construction with attention to detail.
284,Home Appliances,Coffee Maker,High-quality construction with attention to detail.
285,Electronics,Smartwatch,"Versatile and durable, designed to meet your everyday needs."
286,Footwear,Sandals,High-quality construction with attention to detail.
287,Clothing,Dress,High-quality construction with attention to detail.
288,Clothing,Jeans,High-quality construction with attention to detail.
289,Home Appliances,Microwave,Crafted with quality materials for long-lasting use.
290,Electronics,Smartwatch,Crafted with quality materials for long-lasting use.
291,Home Appliances,Refrigerator,High-quality construction with attention to detail.
292,Clothing,Dress,Crafted with quality materials for long-lasting use.
293,Accessories,Scarf,High-quality construction with attention to detail.
294,Accessories,Scarf,Crafted with quality materials for long-lasting use.
295,Footwear,Sneakers,Crafted with quality materials for long-lasting use.
296,Footwear,Sandals,Sleek design combined with exceptional functionality.
297,Clothing,T-Shirt,High-quality construction with attention to detail.
298,Home Appliances,Coffee Maker,High-quality construction with attention to detail.
299,Footwear,Running Shoes,Sleek design combined with exceptional functionality.
300,Footwear,Sandals,"Perfect blend of style, comfort, and practicality."
301,Electronics,Laptop,Crafted with quality materials for long-lasting use.
302,Electronics,Smartwatch,"Versatile and durable, designed to meet your everyday needs."
303,Accessories,Belt,"Perfect blend of style, comfort, and practicality."
304,Electronics,Laptop,Crafted with quality materials for long-lasting use.
305,Footwear,Running Shoes,Sleek design combined with exceptional functionality.
306,Clothing,Dress,"Versatile and durable, designed to meet your everyday needs."
307,Footwear,Sandals,Sleek design combined with exceptional functionality.
308,Electronics,Smartphone,High-quality construction with attention to detail.
309,Accessories,Watch,Crafted with quality materials for long-lasting use.
310,Home Appliances,Microwave,High-quality construction with attention to detail.
311,Footwear,Sneakers,High-quality construction with attention to detail.
312,Clothing,T-Shirt,High-quality construction with attention to detail.
313,Home Appliances,Microwave,"Versatile and durable, designed to meet your everyday needs."
314,Home Appliances,Blender,Sleek design combined with exceptional functionality.
315,Clothing,Jeans,"Perfect blend of style, comfort, and practicality."
316,Footwear,Sandals,High-quality construction with attention to detail.
317,Electronics,Laptop,"Versatile and durable, designed to meet your everyday needs."
318,Home Appliances,Coffee Maker,Crafted with quality materials for long-lasting use.
319,Home Appliances,Blender,"Versatile and durable, designed to meet your everyday needs."
320,Electronics,Smartwatch,Crafted with quality materials for long-lasting use.
321,Accessories,Scarf,Sleek design combined with exceptional functionality.
322,Accessories,Scarf,"Perfect blend of style, comfort, and practicality."
323,Accessories,Hat,High-quality construction with attention to detail.
324,Clothing,Jacket,High-quality construction with attention to detail.
325,Home Appliances,Blender,High-quality construction with attention to detail.
326,Clothing,Jeans,"Perfect blend of style, comfort, and practicality."
327,Footwear,Boots,"Versatile and durable, designed to meet your everyday needs."
328,Home Appliances,Blender,"Versatile and durable, designed to meet your everyday needs."
329,Footwear,Running Shoes,"Perfect blend of style, comfort, and practicality."
330,Electronics,Smartwatch,High-quality construction with attention to detail.
331,Home Appliances,Blender,"Versatile and durable, designed to meet your everyday needs."
332,Footwear,Boots,Sleek design combined with exceptional functionality.
333,Accessories,Hat,"Versatile and durable, designed to meet your everyday needs."
334,Home Appliances,Coffee Maker,Sleek design combined with exceptional functionality.
335,Home Appliances,Blender,"Perfect blend of style, comfort, and practicality."
336,Accessories,Hat,"Versatile and durable, designed to meet your everyday needs."
337,Clothing,Jeans,"Versatile and durable, designed to meet your everyday needs."
338,Electronics,Laptop,"Versatile and durable, designed to meet your everyday needs."
339,Home Appliances,Coffee Maker,Crafted with quality materials for long-lasting use.
340,Clothing,Jacket,Sleek design combined with exceptional functionality.
341,Footwear,Sandals,Crafted with quality materials for long-lasting use.
342,Home Appliances,Blender,"Versatile and durable, designed to meet your everyday needs."
343,Footwear,Running Shoes,Sleek design combined with exceptional functionality.
344,Accessories,Belt,High-quality construction with attention to detail.
345,Accessories,Belt,Sleek design combined with exceptional functionality.
346,Home Appliances,Coffee Maker,Crafted with quality materials for long-lasting use.
347,Electronics,Smartphone,"Perfect blend of style, comfort, and practicality."
348,Clothing,T-Shirt,Sleek design combined with exceptional functionality.
349,Accessories,Belt,"Perfect blend of style, comfort, and practicality."
350,Clothing,Jacket,"Perfect blend of style, comfort, and practicality."
351,Electronics,Earbuds,"Versatile and durable, designed to meet your everyday needs."
352,Footwear,Running Shoes,High-quality construction with attention to detail.
353,Electronics,Laptop,Sleek design combined with exceptional functionality.
354,Clothing,Jeans,Sleek design combined with exceptional functionality.
355,Clothing,Jeans,Sleek design combined with exceptional functionality.
356,Accessories,Scarf,"Versatile and durable, designed to meet your everyday needs."
357,Electronics,Earbuds,"Perfect blend of style, comfort, and practicality."
358,Clothing,Dress,Sleek design combined with exceptional functionality.
359,Clothing,Jacket,"Versatile and durable, designed to meet your everyday needs."
360,Home Appliances,Microwave,"Perfect blend of style, comfort, and practicality."
361,Accessories,Watch,Crafted with quality materials for long-lasting use.
362,Electronics,Smartphone,High-quality construction with attention to detail.
363,Clothing,Jacket,High-quality construction with attention to detail.
364,Footwear,Boots,Sleek design combined with exceptional functionality.
365,Clothing,T-Shirt,"Versatile and durable, designed to meet your everyday needs."
366,Clothing,Jacket,Sleek design combined with exceptional functionality.
367,Accessories,Watch,"Perfect blend of style, comfort, and practicality."
368,Home Appliances,Coffee Maker,"Versatile and durable, designed to meet your everyday needs."
369,Electronics,Smartwatch,"Perfect blend of style, comfort, and practicality."
370,Accessories,Belt,Crafted with quality materials for long-lasting use.
371,Accessories,Scarf,"Perfect blend of style, comfort, and practicality."
372,Clothing,Dress,High-quality construction with attention to detail.
373,Electronics,Smartwatch,Crafted with quality materials for long-lasting use.
374,Home Appliances,Blender,Sleek design combined with exceptional functionality.
375,Clothing,Dress,High-quality construction with attention to detail.
376,Accessories,Hat,Crafted with quality materials for long-lasting use.
377,Home Appliances,Coffee Maker,"Versatile and durable, designed to meet your everyday needs."
378,Accessories,Scarf,High-quality construction with attention to detail.
379,Clothing,Jeans,Sleek design combined with exceptional functionality.
380,Electronics,Smartwatch,Crafted with quality materials for long-lasting use.
381,Footwear,Sneakers,"Versatile and durable, designed to meet your everyday needs."
382,Clothing,T-Shirt,"Versatile and durable, designed to meet your everyday needs."
383,Accessories,Scarf,"Versatile and durable, designed to meet your everyday needs."
384,Accessories,Hat,"Perfect blend of style, comfort, and practicality."
385,Electronics,Laptop,"Perfect blend of style, comfort, and practicality."
386,Home Appliances,Coffee Maker,"Versatile and durable, designed to meet your everyday needs."
387,Clothing,Jeans,High-quality construction with attention to detail.
388,Footwear,Running Shoes,Sleek design combined with exceptional functionality.
389,Clothing,Jeans,High-quality construction with attention to detail.
390,Home Appliances,Microwave,Crafted with quality materials for long-lasting use.
391,Electronics,Smartphone,"Perfect blend of style, comfort, and practicality."
392,Accessories,Scarf,Sleek design combined with exceptional functionality.
393,Accessories,Watch,Crafted with quality materials for long-lasting use.
394,Clothing,Dress,Sleek design combined with exceptional functionality.
395,Home Appliances,Coffee Maker,High-quality construction with attention to detail.
396,Accessories,Hat,"Versatile and durable, designed to meet your everyday needs."
397,Clothing,Jacket,Crafted with quality materials for long-lasting use.
398,Footwear,Sandals,"Perfect blend of style, comfort, and practicality."
399,Home Appliances,Refrigerator,"Versatile and durable, designed to meet your everyday needs."
400,Electronics,Smartwatch,"Perfect blend of style, comfort, and practicality."
401,Footwear,Running Shoes,Crafted with quality materials for long-lasting use.
402,Accessories,Belt,High-quality construction with attention to detail.
403,Electronics,Smartphone,Sleek design combined with exceptional functionality.
404,Electronics,Smartwatch,High-quality construction with attention to detail.
405,Footwear,Boots,High-quality construction with attention to detail.
406,Clothing,Jacket,Sleek design combined with exceptional functionality.
407,Clothing,Dress,"Versatile and durable, designed to meet your everyday needs."
408,Accessories,Hat,Sleek design combined with exceptional functionality.
409,Home Appliances,Refrigerator,"Versatile and durable, designed to meet your everyday needs."
410,Footwear,Boots,Sleek design combined with exceptional functionality.
411,Footwear,Sneakers,Crafted with quality materials for long-lasting use.
412,Footwear,Sneakers,High-quality construction with attention to detail.
413,Clothing,T-Shirt,Sleek design combined with exceptional functionality.
414,Home Appliances,Microwave,Sleek design combined with exceptional functionality.
415,Clothing,Jacket,Crafted with quality materials for long-lasting use.
416,Clothing,T-Shirt,Crafted with quality materials for long-lasting use.
417,Clothing,T-Shirt,"Perfect blend of style, comfort, and practicality."
418,Accessories,Watch,Sleek design combined with exceptional functionality.
419,Home Appliances,Refrigerator,"Versatile and durable, designed to meet your everyday needs."
420,Home Appliances,Refrigerator,"Versatile and durable, designed to meet your everyday needs."
421,Clothing,Jacket,Sleek design combined with exceptional functionality.
422,Home Appliances,Coffee Maker,High-quality construction with attention to detail.
423,Home Appliances,Refrigerator,"Perfect blend of style, comfort, and practicality."
424,Home Appliances,Coffee Maker,High-quality construction with attention to detail.
425,Home Appliances,Coffee Maker,"Versatile and durable, designed to meet your everyday needs."
426,Footwear,Sandals,High-quality construction with attention to detail.
427,Home Appliances,Microwave,Crafted with quality materials for long-lasting use.
428,Accessories,Hat,High-quality construction with attention to detail.
429,Electronics,Laptop,Sleek design combined with exceptional functionality.
430,Footwear,Sneakers,Crafted with quality materials for long-lasting use.
431,Accessories,Belt,High-quality construction with attention to detail.
432,Electronics,Earbuds,Crafted with quality materials for long-lasting use.
433,Accessories,Scarf,"Perfect blend of style, comfort, and practicality."
434,Clothing,T-Shirt,Sleek design combined with exceptional functionality.
435,Footwear,Sandals,"Perfect blend of style, comfort, and practicality."
436,Accessories,Hat,High-quality construction with attention to detail.
437,Accessories,Belt,High-quality construction with attention to detail.
438,Footwear,Running Shoes,Crafted with quality materials for long-lasting use.
439,Electronics,Earbuds,High-quality construction with attention to detail.
440,Home Appliances,Coffee Maker,Sleek design combined with exceptional functionality.
441,Accessories,Belt,Sleek design combined with exceptional functionality.
442,Clothing,Jacket,High-quality construction with attention to detail.
443,Home Appliances,Blender,Sleek design combined with exceptional functionality.
444,Home Appliances,Coffee Maker,"Versatile and durable, designed to meet your everyday needs."
445,Accessories,Hat,"Perfect blend of style, comfort, and practicality."
446,Clothing,Dress,Sleek design combined with exceptional functionality.
447,Home Appliances,Refrigerator,"Versatile and durable, designed to meet your everyday needs."
448,Clothing,T-Shirt,"Versatile and durable, designed to meet your everyday needs."
449,Footwear,Sandals,Crafted with quality materials for long-lasting use.
450,Electronics,Laptop,Crafted with quality materials for long-lasting use.
451,Footwear,Sandals,Sleek design combined with exceptional functionality.
452,Home Appliances,Blender,Sleek design combined with exceptional functionality.
453,Electronics,Laptop,Crafted with quality materials for long-lasting use.
454,Accessories,Scarf,High-quality construction with attention to detail.
455,Accessories,Hat,Sleek design combined with exceptional functionality.
456,Home Appliances,Microwave,"Versatile and durable, designed to meet your everyday needs."
457,Footwear,Sneakers,Crafted with quality materials for long-lasting use.
458,Home Appliances,Blender,Sleek design combined with exceptional functionality.
459,Electronics,Smartwatch,High-quality construction with attention to detail.
460,Clothing,Jeans,Crafted with quality materials for long-lasting use.
461,Electronics,Laptop,"Versatile and durable, designed to meet your everyday needs."
462,Electronics,Smartwatch,High-quality construction with attention to detail.
463,Electronics,Smartphone,High-quality construction with attention to detail.
464,Electronics,Smartphone,Crafted with quality materials for long-lasting use.
465,Home Appliances,Blender,High-quality construction with attention to detail.
466,Clothing,Jeans,Sleek design combined with exceptional functionality.
467,Electronics,Laptop,Sleek design combined with exceptional functionality.
468,Home Appliances,Refrigerator,"Versatile and durable, designed to meet your everyday needs."
469,Footwear,Sneakers,Crafted with quality materials for long-lasting use.
470,Home Appliances,Refrigerator,Crafted with quality materials for long-lasting use.
471,Electronics,Laptop,High-quality construction with attention to detail.
472,Clothing,Jeans,Crafted with quality materials for long-lasting use.
473,Footwear,Sneakers,Crafted with quality materials for long-lasting use.
474,Clothing,Jeans,Sleek design combined with exceptional functionality.
475,Home Appliances,Blender,High-quality construction with attention to detail.
476,Footwear,Sandals,Sleek design combined with exceptional functionality.
477,Home Appliances,Refrigerator,Crafted with quality materials for long-lasting use.
478,Home Appliances,Blender,"Perfect blend of style, comfort, and practicality."
479,Clothing,Jacket,"Versatile and durable, designed to meet your everyday needs."
480,Accessories,Scarf,"Perfect blend of style, comfort, and practicality."
481,Clothing,Jeans,Crafted with quality materials for long-lasting use.
482,Home Appliances,Blender,"Versatile and durable, designed to meet your everyday needs."
483,Accessories,Hat,Crafted with quality materials for long-lasting use.
484,Clothing,Jeans,"Versatile and durable, designed to meet your everyday needs."
485,Clothing,T-Shirt,Crafted with quality materials for long-lasting use.
486,Accessories,Belt,Sleek design combined with exceptional functionality.
487,Clothing,T-Shirt,Sleek design combined with exceptional functionality.
488,Clothing,T-Shirt,Crafted with quality materials for long-lasting use.
489,Footwear,Sandals,High-quality construction with attention to detail.
490,Electronics,Smartphone,Sleek design combined with exceptional functionality.
491,Clothing,Jacket,Sleek design combined with exceptional functionality.
492,Footwear,Sandals,Sleek design combined with exceptional functionality.
493,Accessories,Watch,High-quality construction with attention to detail.
494,Clothing,Dress,"Versatile and durable, designed to meet your everyday needs."
495,Electronics,Smartphone,Crafted with quality materials for long-lasting use.
496,Footwear,Boots,Crafted with quality materials for long-lasting use.
497,Footwear,Boots,"Versatile and durable, designed to meet your everyday needs."
498,Home Appliances,Microwave,"Perfect blend of style, comfort, and practicality."
499,Clothing,Dress,Crafted with quality materials for long-lasting use.
500,Home Appliances,Blender,High-quality construction with attention to detail.
501,Electronics,Laptop,"Versatile and durable, designed to meet your everyday needs."
502,Home Appliances,Microwave,"Perfect blend of style, comfort, and practicality."
503,Home Appliances,Microwave,Crafted with quality materials for long-lasting use.
504,Electronics,Laptop,Crafted with quality materials for long-lasting use.
505,Electronics,Laptop,"Perfect blend of style, comfort, and practicality."
506,Home Appliances,Refrigerator,High-quality construction with attention to detail.
507,Home Appliances,Blender,Crafted with quality materials for long-lasting use.
508,Electronics,Smartwatch,Crafted with quality materials for long-lasting use.
509,Accessories,Belt,Crafted with quality materials for long-lasting use.
510,Footwear,Sneakers,"Versatile and durable, designed to meet your everyday needs."
511,Accessories,Watch,"Perfect blend of style, comfort, and practicality."
512,Clothing,T-Shirt,High-quality construction with attention to detail.
513,Home Appliances,Blender,Sleek design combined with exceptional functionality.
514,Electronics,Earbuds,High-quality construction with attention to detail.
515,Footwear,Sneakers,"Versatile and durable, designed to meet your everyday needs."
516,Electronics,Earbuds,Sleek design combined with exceptional functionality.
517,Accessories,Hat,"Versatile and durable, designed to meet your everyday needs."
518,Clothing,Dress,Sleek design combined with exceptional functionality.
519,Home Appliances,Coffee Maker,Sleek design combined with exceptional functionality.
520,Accessories,Watch,"Perfect blend of style, comfort, and practicality."
521,Clothing,Jeans,"Perfect blend of style, comfort, and practicality."
522,Home Appliances,Refrigerator,Sleek design combined with exceptional functionality.
523,Electronics,Smartwatch,High-quality construction with attention to detail.
524,Clothing,T-Shirt,Crafted with quality materials for long-lasting use.
525,Home Appliances,Microwave,Sleek design combined with exceptional functionality.
526,Clothing,Jeans,"Versatile and durable, designed to meet your everyday needs."
527,Electronics,Laptop,Sleek design combined with exceptional functionality.
528,Footwear,Running Shoes,High-quality construction with attention to detail.
529,Clothing,Dress,Sleek design combined with exceptional functionality.
530,Accessories,Hat,Crafted with quality materials for long-lasting use.
531,Clothing,T-Shirt,High-quality construction with attention to detail.
532,Accessories,Belt,Sleek design combined with exceptional functionality.
533,Electronics,Smartwatch,"Perfect blend of style, comfort, and practicality."
534,Footwear,Sneakers,High-quality construction with attention to detail.
535,Clothing,Jacket,High-quality construction with attention to detail.
536,Electronics,Earbuds,"Versatile and durable, designed to meet your everyday needs."
537,Electronics,Laptop,"Versatile and durable, designed to meet your everyday needs."
538,Electronics,Earbuds,Crafted with quality materials for long-lasting use.
539,Footwear,Running Shoes,High-quality construction with attention to detail.
540,Footwear,Sandals,High-quality construction with attention to detail.
541,Accessories,Belt,"Perfect blend of style, comfort, and practicality."
542,Accessories,Watch,"Perfect blend of style, comfort, and practicality."
543,Footwear,Sneakers,Crafted with quality materials for long-lasting use.
544,Electronics,Smartwatch,"Versatile and durable, designed to meet your everyday needs."
545,Accessories,Belt,Sleek design combined with exceptional functionality.
546,Electronics,Smartwatch,"Versatile and durable, designed to meet your everyday needs."
547,Home Appliances,Microwave,"Perfect blend of style, comfort, and practicality."
548,Clothing,T-Shirt,"Versatile and durable, designed to meet your everyday needs."
549,Clothing,Jacket,Crafted with quality materials for long-lasting use.
550,Home Appliances,Blender,High-quality construction with attention to detail.
551,Accessories,Scarf,High-quality construction with attention to detail.
552,Accessories,Hat,"Versatile and durable, designed to meet your everyday needs."
553,Clothing,T-Shirt,Crafted with quality materials for long-lasting use.
554,Accessories,Belt,"Versatile and durable, designed to meet your everyday needs."
555,Accessories,Belt,Crafted with quality materials for long-lasting use.
556,Electronics,Smartphone,Crafted with quality materials for long-lasting use.
557,Electronics,Laptop,Crafted with quality materials for long-lasting use.
558,Home Appliances,Microwave,Crafted with quality materials for long-lasting use.
559,Electronics,Smartwatch,"Perfect blend of style, comfort, and practicality."
560,Home Appliances,Coffee Maker,"Versatile and durable, designed to meet your everyday needs."
561,Home Appliances,Blender,"Perfect blend of style, comfort, and practicality."
562,Electronics,Earbuds,Sleek design combined with exceptional functionality.
563,Clothing,Jeans,Crafted with quality materials for long-lasting use.
564,Electronics,Smartwatch,"Perfect blend of style, comfort, and practicality."
565,Clothing,T-Shirt,"Perfect blend of style, comfort, and practicality."
566,Home Appliances,Refrigerator,"Perfect blend of style, comfort, and practicality."
567,Electronics,Smartwatch,High-quality construction with attention to detail.
568,Footwear,Running Shoes,"Versatile and durable, designed to meet your everyday needs."
569,Electronics,Earbuds,High-quality construction with attention to detail.
570,Accessories,Hat,"Versatile and durable, designed to meet your everyday needs."
571,Home Appliances,Coffee Maker,Crafted with quality materials for long-lasting use.
572,Clothing,Jacket,"Versatile and durable, designed to meet your everyday needs."
573,Home Appliances,Blender,"Versatile and durable, designed to meet your everyday needs."
574,Accessories,Watch,Sleek design combined with exceptional functionality.
575,Clothing,T-Shirt,Sleek design combined with exceptional functionality.
576,Electronics,Earbuds,Crafted with quality materials for long-lasting use.
577,Clothing,T-Shirt,Sleek design combined with exceptional functionality.
578,Clothing,Dress,"Perfect blend of style, comfort, and practicality."
579,Home Appliances,Refrigerator,"Versatile and durable, designed to meet your everyday needs."
580,Clothing,Jeans,"Perfect blend of style, comfort, and practicality."
581,Footwear,Running Shoes,"Versatile and durable, designed to meet your everyday needs."
582,Footwear,Sneakers,Sleek design combined with exceptional functionality.
583,Home Appliances,Coffee Maker,Crafted with quality materials for long-lasting use.
584,Footwear,Sandals,Sleek design combined with exceptional functionality.
585,Electronics,Laptop,"Perfect blend of style, comfort, and practicality."
586,Electronics,Smartphone,Sleek design combined with exceptional functionality.
587,Clothing,Jacket,High-quality construction with attention to detail.
588,Home Appliances,Microwave,High-quality construction with attention to detail.
589,Electronics,Smartwatch,"Perfect blend of style, comfort, and practicality."
590,Accessories,Watch,Sleek design combined with exceptional functionality.
591,Electronics,Laptop,"Perfect blend of style, comfort, and practicality."
592,Footwear,Sandals,"Versatile and durable, designed to meet your everyday needs."
593,Footwear,Sandals,Crafted with quality materials for long-lasting use.
594,Clothing,Jacket,Sleek design combined with exceptional functionality.
595,Footwear,Sneakers,Sleek design combined with exceptional functionality.
596,Electronics,Earbuds,"Versatile and durable, designed to meet your everyday needs."
597,Accessories,Belt,Sleek design combined with exceptional functionality.
598,Footwear,Boots,Sleek design combined with exceptional functionality.
599,Clothing,Dress,Crafted with quality materials for long-lasting use.
600,Accessories,Watch,"Versatile and durable, designed to meet your everyday needs."
601,Home Appliances,Coffee Maker,Crafted with quality materials for long-lasting use.
602,Home Appliances,Blender,Sleek design combined with exceptional functionality.
603,Clothing,Dress,Crafted with quality materials for long-lasting use.
604,Footwear,Sandals,Crafted with quality materials for long-lasting use.
605,Footwear,Sandals,High-quality construction with attention to detail.
606,Accessories,Watch,Sleek design combined with exceptional functionality.
607,Clothing,Jacket,"Perfect blend of style, comfort, and practicality."
608,Clothing,Jeans,"Perfect blend of style, comfort, and practicality."
609,Electronics,Smartwatch,"Versatile and durable, designed to meet your everyday needs."
610,Home Appliances,Coffee Maker,High-quality construction with attention to detail.
611,Electronics,Laptop,"Perfect blend of style, comfort, and practicality."
612,Clothing,Jacket,"Perfect blend of style, comfort, and practicality."
613,Accessories,Hat,"Perfect blend of style, comfort, and practicality."
614,Footwear,Sandals,Sleek design combined with exceptional functionality.
615,Accessories,Watch,Crafted with quality materials for long-lasting use.
616,Home Appliances,Refrigerator,Sleek design combined with exceptional functionality.
617,Footwear,Running Shoes,High-quality construction with attention to detail.
618,Home Appliances,Blender,Crafted with quality materials for long-lasting use.
619,Electronics,Laptop,High-quality construction with attention to detail.
620,Home Appliances,Blender,"Perfect blend of style, comfort, and practicality."
621,Electronics,Smartphone,Crafted with quality materials for long-lasting use.
622,Home Appliances,Refrigerator,"Perfect blend of style, comfort, and practicality."
623,Electronics,Laptop,Sleek design combined with exceptional functionality.
624,Clothing,Jeans,Crafted with quality materials for long-lasting use.
625,Electronics,Laptop,"Versatile and durable, designed to meet your everyday needs."
626,Electronics,Laptop,Sleek design combined with exceptional functionality.
627,Home Appliances,Coffee Maker,High-quality construction with attention to detail.
628,Clothing,Dress,"Perfect blend of style, comfort, and practicality."
629,Electronics,Smartwatch,Crafted with quality materials for long-lasting use.
630,Home Appliances,Microwave,Crafted with quality materials for long-lasting use.
631,Clothing,T-Shirt,"Perfect blend of style, comfort, and practicality."
632,Clothing,T-Shirt,Sleek design combined with exceptional functionality.
633,Accessories,Belt,Crafted with quality materials for long-lasting use.
634,Home Appliances,Blender,"Perfect blend of style, comfort, and practicality."
635,Home Appliances,Microwave,Crafted with quality materials for long-lasting use.
636,Footwear,Sandals,Crafted with quality materials for long-lasting use.
637,Home Appliances,Blender,"Perfect blend of style, comfort, and practicality."
638,Electronics,Smartphone,"Versatile and durable, designed to meet your everyday needs."
639,Clothing,Dress,High-quality construction with attention to detail.
640,Clothing,Jacket,Crafted with quality materials for long-lasting use.
641,Footwear,Running Shoes,Crafted with quality materials for long-lasting use.
642,Home Appliances,Microwave,High-quality construction with attention to detail.
643,Home Appliances,Refrigerator,Crafted with quality materials for long-lasting use.
644,Accessories,Scarf,High-quality construction with attention to detail.
645,Footwear,Sneakers,Crafted with quality materials for long-lasting use.
646,Electronics,Smartphone,"Versatile and durable, designed to meet your everyday needs."
647,Footwear,Boots,Sleek design combined with exceptional functionality.
648,Accessories,Hat,"Perfect blend of style, comfort, and practicality."
649,Accessories,Belt,"Perfect blend of style, comfort, and practicality."
650,Clothing,Dress,"Versatile and durable, designed to meet your everyday needs."
651,Clothing,T-Shirt,"Versatile and durable, designed to meet your everyday needs."
652,Home Appliances,Refrigerator,Crafted with quality materials for long-lasting use.
653,Footwear,Boots,High-quality construction with attention to detail.
654,Home Appliances,Blender,Crafted with quality materials for long-lasting use.
655,Footwear,Boots,Crafted with quality materials for long-lasting use.
656,Clothing,Jeans,"Versatile and durable, designed to meet your everyday needs."
657,Home Appliances,Microwave,Sleek design combined with exceptional functionality.
658,Footwear,Sneakers,High-quality construction with attention to detail.
659,Home Appliances,Microwave,Sleek design combined with exceptional functionality.
660,Home Appliances,Blender,"Versatile and durable, designed to meet your everyday needs."
661,Clothing,T-Shirt,High-quality construction with attention to detail.
662,Footwear,Sandals,Crafted with quality materials for long-lasting use.
663,Accessories,Belt,High-quality construction with attention to detail.
664,Footwear,Running Shoes,"Perfect blend of style, comfort, and practicality."
665,Accessories,Scarf,High-quality construction with attention to detail.
666,Footwear,Sandals,Crafted with quality materials for long-lasting use.
667,Electronics,Smartphone,Crafted with quality materials for long-lasting use.
668,Home Appliances,Blender,Sleek design combined with exceptional functionality.
669,Home Appliances,Coffee Maker,"Versatile and durable, designed to meet your everyday needs."
670,Electronics,Earbuds,Crafted with quality materials for long-lasting use.
671,Clothing,Jeans,"Perfect blend of style, comfort, and practicality."
672,Home Appliances,Blender,Sleek design combined with exceptional functionality.
673,Accessories,Hat,"Perfect blend of style, comfort, and practicality."
674,Home Appliances,Microwave,"Perfect blend of style, comfort, and practicality."
675,Clothing,Jacket,High-quality construction with attention to detail.
676,Clothing,Jacket,High-quality construction with attention to detail.
677,Home Appliances,Microwave,Sleek design combined with exceptional functionality.
678,Footwear,Boots,Crafted with quality materials for long-lasting use.
679,Electronics,Smartphone,High-quality construction with attention to detail.
680,Footwear,Sandals,Crafted with quality materials for long-lasting use.
681,Electronics,Smartwatch,High-quality construction with attention to detail.
682,Home Appliances,Blender,"Versatile and durable, designed to meet your everyday needs."
683,Footwear,Boots,High-quality construction with attention to detail.
684,Electronics,Earbuds,High-quality construction with attention to detail.
685,Home Appliances,Blender,High-quality construction with attention to detail.
686,Clothing,Jeans,"Perfect blend of style, comfort, and practicality."
687,Electronics,Earbuds,Crafted with quality materials for long-lasting use.
688,Clothing,Dress,Crafted with quality materials for long-lasting use.
689,Home Appliances,Blender,High-quality construction with attention to detail.
690,Accessories,Scarf,"Versatile and durable, designed to meet your everyday needs."
691,Accessories,Scarf,High-quality construction with attention to detail.
692,Footwear,Sandals,"Perfect blend of style, comfort, and practicality."
693,Home Appliances,Refrigerator,High-quality construction with attention to detail.
694,Footwear,Sandals,Sleek design combined with exceptional functionality.
695,Electronics,Smartphone,"Perfect blend of style, comfort, and practicality."
696,Clothing,Jacket,"Versatile and durable, designed to meet your everyday needs."
697,Home Appliances,Refrigerator,"Versatile and durable, designed to meet your everyday needs."
698,Home Appliances,Coffee Maker,High-quality construction with attention to detail.
699,Footwear,Boots,Sleek design combined with exceptional functionality.
700,Accessories,Hat,High-quality construction with attention to detail.
701,Home Appliances,Refrigerator,"Versatile and durable, designed to meet your everyday needs."
702,Footwear,Running Shoes,High-quality construction with attention to detail.
703,Accessories,Watch,Sleek design combined with exceptional functionality.
704,Accessories,Watch,Crafted with quality materials for long-lasting use.
705,Electronics,Earbuds,Crafted with quality materials for long-lasting use.
706,Clothing,Dress,Sleek design combined with exceptional functionality.
707,Accessories,Hat,"Versatile and durable, designed to meet your everyday needs."
708,Clothing,T-Shirt,Crafted with quality materials for long-lasting use.
709,Electronics,Earbuds,Crafted with quality materials for long-lasting use.
710,Electronics,Smartphone,"Versatile and durable, designed to meet your everyday needs."
711,Electronics,Smartphone,Crafted with quality materials for long-lasting use.
712,Clothing,Jacket,"Perfect blend of style, comfort, and practicality."
713,Clothing,Jeans,Crafted with quality materials for long-lasting use.
714,Accessories,Watch,"Versatile and durable, designed to meet your everyday needs."
715,Home Appliances,Refrigerator,Crafted with quality materials for long-lasting use.
716,Footwear,Running Shoes,"Versatile and durable, designed to meet your everyday needs."
717,Footwear,Running Shoes,Sleek design combined with exceptional functionality.
718,Clothing,T-Shirt,Crafted with quality materials for long-lasting use.
719,Accessories,Scarf,Crafted with quality materials for long-lasting use.
720,Electronics,Laptop,"Perfect blend of style, comfort, and practicality."
721,Clothing,T-Shirt,Crafted with quality materials for long-lasting use.
722,Electronics,Earbuds,Sleek design combined with exceptional functionality.
723,Accessories,Hat,"Perfect blend of style, comfort, and practicality."
724,Electronics,Earbuds,Crafted with quality materials for long-lasting use.
725,Electronics,Smartphone,High-quality construction with attention to detail.
726,Electronics,Smartphone,Crafted with quality materials for long-lasting use.
727,Electronics,Earbuds,"Perfect blend of style, comfort, and practicality."
728,Home Appliances,Microwave,"Versatile and durable, designed to meet your everyday needs."
729,Clothing,Dress,High-quality construction with attention to detail.
730,Footwear,Boots,Crafted with quality materials for long-lasting use.
731,Accessories,Scarf,Sleek design combined with exceptional functionality.
732,Electronics,Earbuds,"Versatile and durable, designed to meet your everyday needs."
733,Accessories,Belt,High-quality construction with attention to detail.
734,Clothing,T-Shirt,Crafted with quality materials for long-lasting use.
735,Clothing,Dress,Sleek design combined with exceptional functionality.
736,Electronics,Laptop,"Perfect blend of style, comfort, and practicality."
737,Clothing,T-Shirt,Crafted with quality materials for long-lasting use.
738,Home Appliances,Coffee Maker,High-quality construction with attention to detail.
739,Electronics,Smartwatch,"Versatile and durable, designed to meet your everyday needs."
740,Accessories,Hat,"Perfect blend of style, comfort, and practicality."
741,Footwear,Boots,High-quality construction with attention to detail.
742,Electronics,Laptop,High-quality construction with attention to detail.
743,Accessories,Watch,Sleek design combined with exceptional functionality.
744,Accessories,Watch,"Versatile and durable, designed to meet your everyday needs."
745,Clothing,Jeans,Crafted with quality materials for long-lasting use.
746,Home Appliances,Refrigerator,Sleek design combined with exceptional functionality.
747,Home Appliances,Microwave,"Perfect blend of style, comfort, and practicality."
748,Home Appliances,Blender,Crafted with quality materials for long-lasting use.
749,Electronics,Earbuds,"Perfect blend of style, comfort, and practicality."
750,Footwear,Running Shoes,"Perfect blend of style, comfort, and practicality."
751,Electronics,Smartphone,Crafted with quality materials for long-lasting use.
752,Home Appliances,Blender,High-quality construction with attention to detail.
753,Electronics,Laptop,Sleek design combined with exceptional functionality.
754,Accessories,Hat,High-quality construction with attention to detail.
755,Home Appliances,Microwave,"Perfect blend of style, comfort, and practicality."
756,Clothing,Dress,"Versatile and durable, designed to meet your everyday needs."
757,Clothing,Dress,High-quality construction with attention to detail.
758,Clothing,Jeans,"Perfect blend of style, comfort, and practicality."
759,Home Appliances,Refrigerator,High-quality construction with attention to detail.
760,Home Appliances,Microwave,Crafted with quality materials for long-lasting use.
761,Home Appliances,Microwave,High-quality construction with attention to detail.
762,Home Appliances,Blender,"Versatile and durable, designed to meet your everyday needs."
763,Footwear,Boots,Sleek design combined with exceptional functionality.
764,Clothing,Jacket,"Perfect blend of style, comfort, and practicality."
765,Home Appliances,Microwave,"Versatile and durable, designed to meet your everyday needs."
766,Footwear,Sneakers,"Versatile and durable, designed to meet your everyday needs."
767,Home Appliances,Coffee Maker,Crafted with quality materials for long-lasting use.
768,Accessories,Watch,"Versatile and durable, designed to meet your everyday needs."
769,Clothing,Jeans,"Versatile and durable, designed to meet your everyday needs."
770,Clothing,T-Shirt,Crafted with quality materials for long-lasting use.
771,Home Appliances,Blender,High-quality construction with attention to detail.
772,Clothing,T-Shirt,Sleek design combined with exceptional functionality.
773,Electronics,Smartphone,Crafted with quality materials for long-lasting use.
774,Accessories,Scarf,Sleek design combined with exceptional functionality.
775,Clothing,T-Shirt,High-quality construction with attention to detail.
776,Accessories,Watch,Crafted with quality materials for long-lasting use.
777,Clothing,T-Shirt,High-quality construction with attention to detail.
778,Electronics,Earbuds,"Versatile and durable, designed to meet your everyday needs."
779,Home Appliances,Refrigerator,"Versatile and durable, designed to meet your everyday needs."
780,Accessories,Hat,Crafted with quality materials for long-lasting use.
781,Accessories,Belt,"Perfect blend of style, comfort, and practicality."
782,Electronics,Laptop,Sleek design combined with exceptional functionality.
783,Accessories,Scarf,High-quality construction with attention to detail.
784,Footwear,Boots,"Perfect blend of style, comfort, and practicality."
785,Accessories,Belt,High-quality construction with attention to detail.
786,Electronics,Earbuds,Sleek design combined with exceptional functionality.
787,Clothing,Dress,"Versatile and durable, designed to meet your everyday needs."
788,Footwear,Boots,High-quality construction with attention to detail.
789,Electronics,Smartphone,Crafted with quality materials for long-lasting use.
790,Clothing,Jacket,"Perfect blend of style, comfort, and practicality."
791,Clothing,Jeans,Crafted with quality materials for long-lasting use.
792,Home Appliances,Microwave,"Perfect blend of style, comfort, and practicality."
793,Footwear,Sneakers,"Perfect blend of style, comfort, and practicality."
794,Home Appliances,Refrigerator,Sleek design combined with exceptional functionality.
795,Accessories,Watch,"Perfect blend of style, comfort, and practicality."
796,Electronics,Smartwatch,Sleek design combined with exceptional functionality.
797,Footwear,Running Shoes,Crafted with quality materials for long-lasting use.
798,Accessories,Scarf,"Perfect blend of style, comfort, and practicality."
799,Accessories,Hat,"Perfect blend of style, comfort, and practicality."
800,Clothing,T-Shirt,Sleek design combined with exceptional functionality.
801,Home Appliances,Blender,High-quality construction with attention to detail.
802,Footwear,Sneakers,Crafted with quality materials for long-lasting use.
803,Clothing,Jeans,Crafted with quality materials for long-lasting use.
804,Footwear,Running Shoes,Crafted with quality materials for long-lasting use.
805,Footwear,Sandals,"Versatile and durable, designed to meet your everyday needs."
806,Home Appliances,Coffee Maker,"Perfect blend of style, comfort, and practicality."
807,Footwear,Running Shoes,High-quality construction with attention to detail.
808,Footwear,Boots,"Perfect blend of style, comfort, and practicality."
809,Clothing,T-Shirt,Crafted with quality materials for long-lasting use.
810,Electronics,Earbuds,"Versatile and durable, designed to meet your everyday needs."
811,Electronics,Laptop,Sleek design combined with exceptional functionality.
812,Accessories,Scarf,"Versatile and durable, designed to meet your everyday needs."
813,Accessories,Belt,"Versatile and durable, designed to meet your everyday needs."
814,Accessories,Watch,"Versatile and durable, designed to meet your everyday needs."
815,Accessories,Belt,Sleek design combined with exceptional functionality.
816,Accessories,Watch,High-quality construction with attention to detail.
817,Home Appliances,Microwave,"Perfect blend of style, comfort, and practicality."
818,Accessories,Scarf,"Versatile and durable, designed to meet your everyday needs."
819,Footwear,Running Shoes,High-quality construction with attention to detail.
820,Home Appliances,Microwave,"Perfect blend of style, comfort, and practicality."
821,Accessories,Watch,"Versatile and durable, designed to meet your everyday needs."
822,Home Appliances,Refrigerator,Sleek design combined with exceptional functionality.
823,Clothing,T-Shirt,"Versatile and durable, designed to meet your everyday needs."
824,Footwear,Boots,Sleek design combined with exceptional functionality.
825,Electronics,Smartwatch,"Perfect blend of style, comfort, and practicality."
826,Accessories,Belt,"Versatile and durable, designed to meet your everyday needs."
827,Electronics,Laptop,"Versatile and durable, designed to meet your everyday needs."
828,Clothing,Jeans,"Perfect blend of style, comfort, and practicality."
829,Accessories,Watch,High-quality construction with attention to detail.
830,Footwear,Running Shoes,"Perfect blend of style, comfort, and practicality."
831,Accessories,Hat,"Versatile and durable, designed to meet your everyday needs."
832,Home Appliances,Coffee Maker,"Perfect blend of style, comfort, and practicality."
833,Footwear,Sneakers,High-quality construction with attention to detail.
834,Accessories,Belt,"Versatile and durable, designed to meet your everyday needs."
835,Footwear,Running Shoes,Sleek design combined with exceptional functionality.
836,Clothing,Jacket,Sleek design combined with exceptional functionality.
837,Footwear,Running Shoes,"Perfect blend of style, comfort, and practicality."
838,Electronics,Laptop,Sleek design combined with exceptional functionality.
839,Electronics,Smartphone,Crafted with quality materials for long-lasting use.
840,Footwear,Boots,High-quality construction with attention to detail.
841,Footwear,Running Shoes,"Perfect blend of style, comfort, and practicality."
842,Accessories,Watch,High-quality construction with attention to detail.
843,Accessories,Scarf,Crafted with quality materials for long-lasting use.
844,Home Appliances,Refrigerator,Crafted with quality materials for long-lasting use.
845,Clothing,Dress,High-quality construction with attention to detail.
846,Footwear,Sandals,Crafted with quality materials for long-lasting use.
847,Electronics,Laptop,Crafted with quality materials for long-lasting use.
848,Electronics,Laptop,Sleek design combined with exceptional functionality.
849,Electronics,Smartwatch,Sleek design combined with exceptional functionality.
850,Electronics,Earbuds,Crafted with quality materials for long-lasting use.
851,Clothing,Jeans,"Perfect blend of style, comfort, and practicality."
852,Footwear,Running Shoes,"Perfect blend of style, comfort, and practicality."
853,Home Appliances,Refrigerator,Sleek design combined with exceptional functionality.
854,Footwear,Sandals,Sleek design combined with exceptional functionality.
855,Electronics,Smartwatch,Crafted with quality materials for long-lasting use.
856,Home Appliances,Refrigerator,Sleek design combined with exceptional functionality.
857,Footwear,Sandals,Sleek design combined with exceptional functionality.
858,Accessories,Watch,Sleek design combined with exceptional functionality.
859,Electronics,Smartwatch,"Versatile and durable, designed to meet your everyday needs."
860,Electronics,Smartwatch,"Perfect blend of style, comfort, and practicality."
861,Footwear,Sneakers,High-quality construction with attention to detail.
862,Electronics,Laptop,"Versatile and durable, designed to meet your everyday needs."
863,Accessories,Scarf,Sleek design combined with exceptional functionality.
864,Accessories,Hat,Crafted with quality materials for long-lasting use.
865,Footwear,Boots,"Perfect blend of style, comfort, and practicality."
866,Home Appliances,Blender,Sleek design combined with exceptional functionality.
867,Accessories,Hat,High-quality construction with attention to detail.
868,Footwear,Sandals,Sleek design combined with exceptional functionality.
869,Accessories,Hat,Crafted with quality materials for long-lasting use.
870,Home Appliances,Coffee Maker,Crafted with quality materials for long-lasting use.
871,Clothing,T-Shirt,"Versatile and durable, designed to meet your everyday needs."
872,Accessories,Scarf,Sleek design combined with exceptional functionality.
873,Home Appliances,Blender,Crafted with quality materials for long-lasting use.
874,Home Appliances,Microwave,Sleek design combined with exceptional functionality.
875,Accessories,Scarf,"Versatile and durable, designed to meet your everyday needs."
876,Footwear,Running Shoes,Crafted with quality materials for long-lasting use.
877,Electronics,Smartwatch,"Versatile and durable, designed to meet your everyday needs."
878,Accessories,Watch,High-quality construction with attention to detail.
879,Electronics,Smartwatch,"Perfect blend of style, comfort, and practicality."
880,Home Appliances,Refrigerator,"Versatile and durable, designed to meet your everyday needs."
881,Footwear,Running Shoes,"Perfect blend of style, comfort, and practicality."
882,Electronics,Smartwatch,"Perfect blend of style, comfort, and practicality."
883,Accessories,Hat,"Perfect blend of style, comfort, and practicality."
884,Clothing,Dress,High-quality construction with attention to detail.
885,Home Appliances,Refrigerator,"Versatile and durable, designed to meet your everyday needs."
886,Footwear,Boots,Sleek design combined with exceptional functionality.
887,Electronics,Earbuds,"Perfect blend of style, comfort, and practicality."
888,Footwear,Running Shoes,Crafted with quality materials for long-lasting use.
889,Clothing,Jeans,"Perfect blend of style, comfort, and practicality."
890,Electronics,Earbuds,"Versatile and durable, designed to meet your everyday needs."
891,Home Appliances,Refrigerator,"Versatile and durable, designed to meet your everyday needs."
892,Accessories,Watch,Crafted with quality materials for long-lasting use.
893,Clothing,T-Shirt,Sleek design combined with exceptional functionality.
894,Footwear,Sandals,High-quality construction with attention to detail.
895,Electronics,Smartwatch,Sleek design combined with exceptional functionality.
896,Footwear,Boots,Crafted with quality materials for long-lasting use.
897,Clothing,Dress,Crafted with quality materials for long-lasting use.
898,Clothing,Jeans,"Versatile and durable, designed to meet your everyday needs."
899,Clothing,Jeans,Crafted with quality materials for long-lasting use.
900,Home Appliances,Coffee Maker,"Versatile and durable, designed to meet your everyday needs."
901,Accessories,Watch,"Versatile and durable, designed to meet your everyday needs."
902,Footwear,Boots,"Versatile and durable, designed to meet your everyday needs."
903,Clothing,Jeans,Sleek design combined with exceptional functionality.
904,Accessories,Watch,"Versatile and durable, designed to meet your everyday needs."
905,Footwear,Running Shoes,Crafted with quality materials for long-lasting use.
906,Clothing,Jacket,High-quality construction with attention to detail.
907,Home Appliances,Coffee Maker,Sleek design combined with exceptional functionality.
908,Footwear,Sneakers,"Perfect blend of style, comfort, and practicality."
909,Clothing,Jacket,Sleek design combined with exceptional functionality.
910,Accessories,Scarf,"Versatile and durable, designed to meet your everyday needs."
911,Accessories,Belt,"Versatile and durable, designed to meet your everyday needs."
912,Electronics,Smartwatch,High-quality construction with attention to detail.
913,Accessories,Scarf,High-quality construction with attention to detail.
914,Electronics,Smartphone,"Perfect blend of style, comfort, and practicality."
915,Accessories,Watch,High-quality construction with attention to detail.
916,Accessories,Belt,High-quality construction with attention to detail.
917,Clothing,Jeans,"Versatile and durable, designed to meet your everyday needs."
918,Home Appliances,Coffee Maker,Crafted with quality materials for long-lasting use.
919,Accessories,Belt,"Perfect blend of style, comfort, and practicality."
920,Accessories,Belt,High-quality construction with attention to detail.
921,Accessories,Watch,Crafted with quality materials for long-lasting use.
922,Clothing,Jacket,"Perfect blend of style, comfort, and practicality."
923,Clothing,Jeans,Crafted with quality materials for long-lasting use.
924,Accessories,Belt,High-quality construction with attention to detail.
925,Home Appliances,Blender,High-quality construction with attention to detail.
926,Clothing,Jeans,Crafted with quality materials for long-lasting use.
927,Footwear,Boots,"Versatile and durable, designed to meet your everyday needs."
928,Clothing,Jeans,"Versatile and durable, designed to meet your everyday needs."
929,Home Appliances,Blender,High-quality construction with attention to detail.
930,Electronics,Smartwatch,"Versatile and durable, designed to meet your everyday needs."
931,Clothing,Jeans,High-quality construction with attention to detail.
932,Accessories,Hat,"Versatile and durable, designed to meet your everyday needs."
933,Home Appliances,Microwave,"Perfect blend of style, comfort, and practicality."
934,Clothing,Jeans,"Versatile and durable, designed to meet your everyday needs."
935,Home Appliances,Blender,"Versatile and durable, designed to meet your everyday needs."
936,Footwear,Sandals,Sleek design combined with exceptional functionality.
937,Home Appliances,Microwave,Sleek design combined with exceptional functionality.
938,Clothing,Dress,"Versatile and durable, designed to meet your everyday needs."
939,Accessories,Hat,"Perfect blend of style, comfort, and practicality."
940,Home Appliances,Refrigerator,Crafted with quality materials for long-lasting use.
941,Footwear,Running Shoes,High-quality construction with attention to detail.
942,Electronics,Smartwatch,Crafted with quality materials for long-lasting use.
943,Accessories,Hat,"Perfect blend of style, comfort, and practicality."
944,Clothing,Jeans,"Versatile and durable, designed to meet your everyday needs."
945,Footwear,Running Shoes,"Versatile and durable, designed to meet your everyday needs."
946,Clothing,Jacket,"Versatile and durable, designed to meet your everyday needs."
947,Clothing,Dress,High-quality construction with attention to detail.
948,Accessories,Scarf,Sleek design combined with exceptional functionality.
949,Electronics,Smartwatch,"Perfect blend of style, comfort, and practicality."
950,Accessories,Watch,Sleek design combined with exceptional functionality.
951,Footwear,Sneakers,Crafted with quality materials for long-lasting use.
952,Home Appliances,Refrigerator,"Perfect blend of style, comfort, and practicality."
953,Clothing,Dress,Sleek design combined with exceptional functionality.
954,Electronics,Earbuds,"Perfect blend of style, comfort, and practicality."
955,Home Appliances,Coffee Maker,Crafted with quality materials for long-lasting use.
956,Clothing,Dress,Sleek design combined with exceptional functionality.
957,Home Appliances,Blender,Sleek design combined with exceptional functionality.
958,Clothing,Jacket,"Perfect blend of style, comfort, and practicality."
959,Electronics,Laptop,High-quality construction with attention to detail.
960,Accessories,Hat,"Perfect blend of style, comfort, and practicality."
961,Accessories,Watch,"Versatile and durable, designed to meet your everyday needs."
962,Home Appliances,Microwave,Sleek design combined with exceptional functionality.
963,Electronics,Smartwatch,"Versatile and durable, designed to meet your everyday needs."
964,Home Appliances,Coffee Maker,Crafted with quality materials for long-lasting use.
965,Footwear,Sandals,Sleek design combined with exceptional functionality.
966,Electronics,Earbuds,"Versatile and durable, designed to meet your everyday needs."
967,Electronics,Smartwatch,High-quality construction with attention to detail.
968,Footwear,Boots,"Perfect blend of style, comfort, and practicality."
969,Electronics,Earbuds,Sleek design combined with exceptional functionality.
970,Home Appliances,Coffee Maker,"Perfect blend of style, comfort, and practicality."
971,Clothing,Dress,Crafted with quality materials for long-lasting use.
972,Electronics,Smartphone,Sleek design combined with exceptional functionality.
973,Accessories,Scarf,Sleek design combined with exceptional functionality.
974,Clothing,T-Shirt,"Perfect blend of style, comfort, and practicality."
975,Clothing,Dress,"Versatile and durable, designed to meet your everyday needs."
976,Electronics,Smartwatch,Sleek design combined with exceptional functionality.
977,Clothing,T-Shirt,"Versatile and durable, designed to meet your everyday needs."
978,Footwear,Running Shoes,Sleek design combined with exceptional functionality.
979,Footwear,Sneakers,Crafted with quality materials for long-lasting use.
980,Accessories,Scarf,"Perfect blend of style, comfort, and practicality."
981,Accessories,Hat,High-quality construction with attention to detail.
982,Footwear,Sneakers,Sleek design combined with exceptional functionality.
983,Clothing,Jeans,"Versatile and durable, designed to meet your everyday needs."
984,Accessories,Watch,Sleek design combined with exceptional functionality.
985,Clothing,T-Shirt,High-quality construction with attention to detail.
986,Footwear,Running Shoes,Sleek design combined with exceptional functionality.
987,Footwear,Boots,Crafted with quality materials for long-lasting use.
988,Accessories,Watch,"Perfect blend of style, comfort, and practicality."
989,Footwear,Boots,Sleek design combined with exceptional functionality.
990,Electronics,Earbuds,High-quality construction with attention to detail.
991,Home Appliances,Coffee Maker,"Versatile and durable, designed to meet your everyday needs."
992,Footwear,Running Shoes,"Versatile and durable, designed to meet your everyday needs."
993,Home Appliances,Coffee Maker,"Perfect blend of style, comfort, and practicality."
994,Footwear,Sneakers,High-quality construction with attention to detail.
995,Footwear,Running Shoes,"Versatile and durable, designed to meet your everyday needs."
996,Electronics,Earbuds,"Perfect blend of style, comfort, and practicality."
997,Home Appliances,Refrigerator,Sleek design combined with exceptional functionality.
998,Home Appliances,Coffee Maker,Sleek design combined with exceptional functionality.
999,Electronics,Laptop,"Perfect blend of style, comfort, and practicality."
1000,Electronics,Smartwatch,"Perfect blend of style, comfort, and practicality."
